Presence time: (Seconds),Scrolling (Pixels)
"[0.0, 2.0136475563049316]","[0.0, 0.3221719318924986]"
