Presence time (Seconds),Scrolling (Pixels)
2.022839307785034,0.3221719318924986
