Presence time: (Seconds),Scrolling (Pixels)
"[0.0, 2.023611545562744]","[0.0, 0.19547511657438665]"
